Código de la dependencia;Nombre de la dependencia;Sigla;Dependencia padre;Dependencia territorial;Nombre del departamento;Nombre del municipio;Dirección;Estado;Genera salida;Genera entrada;Genera PQR;Subserie;Tipo documental
10000;Dirección Territorial;DT;Dirección Territorial;Dirección Territorial;D.C.;BOGOTÁ D.C.;Carrera 17 No. 93-09, Piso 8, Edificio Eco Tower;ACTIVA;Dirección Territorial;Control Documental;Gestión Contractual;1;1
10000;Dirección Territorial;DT;Dirección Territorial;Dirección Territorial;D.C.;BOGOTÁ D.C.;Carrera 17 No. 93-09, Piso 8, Edificio Eco Tower;ACTIVA;Dirección Territorial;Control Documental;Gestión Contractual;1;33
10000;Dirección Territorial;DT;Dirección Territorial;Dirección Territorial;D.C.;BOGOTÁ D.C.;Carrera 17 No. 93-09, Piso 8, Edificio Eco Tower;ACTIVA;Dirección Territorial;Control Documental;Gestión Contractual;6;33
11000;Dirección Contractual;DGAC;Dirección Territorial;Dirección Contractual;D.C.;BOGOTÁ D.C.;Carrera 17 No. 93-09, Piso 8, Edificio Eco Tower;ACTIVA;Dirección Territorial;Control Documental;Gestión Contractual;14;18
11000;Dirección Contractual;DGAC;Dirección Territorial;Dirección Contractual;D.C.;BOGOTÁ D.C.;Carrera 17 No. 93-09, Piso 8, Edificio Eco Tower;ACTIVA;Dirección Territorial;Control Documental;Gestión Contractual;14;21
11000;Dirección Contractual;DGAC;Dirección Territorial;Dirección Contractual;D.C.;BOGOTÁ D.C.;Carrera 17 No. 93-09, Piso 8, Edificio Eco Tower;ACTIVA;Dirección Territorial;Control Documental;Gestión Contractual;14;22
11000;Dirección Contractual;DGAC;Dirección Territorial;Dirección Contractual;D.C.;BOGOTÁ D.C.;Carrera 17 No. 93-09, Piso 8, Edificio Eco Tower;ACTIVA;Dirección Territorial;Control Documental;Gestión Contractual;13;18
11000;Dirección Contractual;DGAC;Dirección Territorial;Dirección Contractual;D.C.;BOGOTÁ D.C.;Carrera 17 No. 93-09, Piso 8, Edificio Eco Tower;ACTIVA;Dirección Territorial;Control Documental;Gestión Contractual;13;20
11000;Dirección Contractual;DGAC;Dirección Territorial;Dirección Contractual;D.C.;BOGOTÁ D.C.;Carrera 17 No. 93-09, Piso 8, Edificio Eco Tower;ACTIVA;Dirección Territorial;Control Documental;Gestión Contractual;33;33
11000;Dirección Contractual;DGAC;Dirección Territorial;Dirección Contractual;D.C.;BOGOTÁ D.C.;Carrera 17 No. 93-09, Piso 8, Edificio Eco Tower;ACTIVA;Dirección Territorial;Control Documental;Gestión Contractual;33;32
11000;Dirección Contractual;DGAC;Dirección Territorial;Dirección Contractual;D.C.;BOGOTÁ D.C.;Carrera 17 No. 93-09, Piso 8, Edificio Eco Tower;ACTIVA;Dirección Territorial;Control Documental;Gestión Contractual;58;33
11100;Coordinación Proyecto;CPRO;Dirección Contractual;Coordinación Proyecto;D.C.;BOGOTÁ D.C.;Carrera 17 No. 93-09, Piso 8, Edificio Eco Tower;ACTIVA;Dirección Territorial;Control Documental;Gestión Contractual;3;33
12000;Dirección Técnica;DTEC;Dirección Territorial;Dirección Técnica;D.C.;BOGOTÁ D.C.;Carrera 17 No. 93-09, Piso 8, Edificio Eco Tower;ACTIVA;Dirección Territorial;Control Documental;Gestión Contractual;3;33
13000;Dirección Jurídica;DJUR;Dirección Territorial;Dirección Jurídica;D.C.;BOGOTÁ D.C.;Carrera 17 No. 93-09, Piso 8, Edificio Eco Tower;ACTIVA;Dirección Territorial;Control Documental;Gestión Contractual;1;46
13000;Dirección Jurídica;DJUR;Dirección Territorial;Dirección Jurídica;D.C.;BOGOTÁ D.C.;Carrera 17 No. 93-09, Piso 8, Edificio Eco Tower;ACTIVA;Dirección Territorial;Control Documental;Gestión Contractual;1;58
13000;Dirección Jurídica;DJUR;Dirección Territorial;Dirección Jurídica;D.C.;BOGOTÁ D.C.;Carrera 17 No. 93-09, Piso 8, Edificio Eco Tower;ACTIVA;Dirección Territorial;Control Documental;Gestión Contractual;1;59
13000;Dirección Jurídica;DJUR;Dirección Territorial;Dirección Jurídica;D.C.;BOGOTÁ D.C.;Carrera 17 No. 93-09, Piso 8, Edificio Eco Tower;ACTIVA;Dirección Territorial;Control Documental;Gestión Contractual;1;41
13000;Dirección Jurídica;DJUR;Dirección Territorial;Dirección Jurídica;D.C.;BOGOTÁ D.C.;Carrera 17 No. 93-09, Piso 8, Edificio Eco Tower;ACTIVA;Dirección Territorial;Control Documental;Gestión Contractual;1;55
13000;Dirección Jurídica;DJUR;Dirección Territorial;Dirección Jurídica;D.C.;BOGOTÁ D.C.;Carrera 17 No. 93-09, Piso 8, Edificio Eco Tower;ACTIVA;Dirección Territorial;Control Documental;Gestión Contractual;1;40
13000;Dirección Jurídica;DJUR;Dirección Territorial;Dirección Jurídica;D.C.;BOGOTÁ D.C.;Carrera 17 No. 93-09, Piso 8, Edificio Eco Tower;ACTIVA;Dirección Territorial;Control Documental;Gestión Contractual;1;66
13000;Dirección Jurídica;DJUR;Dirección Territorial;Dirección Jurídica;D.C.;BOGOTÁ D.C.;Carrera 17 No. 93-09, Piso 8, Edificio Eco Tower;ACTIVA;Dirección Territorial;Control Documental;Gestión Contractual;1;62
13000;Dirección Jurídica;DJUR;Dirección Territorial;Dirección Jurídica;D.C.;BOGOTÁ D.C.;Carrera 17 No. 93-09, Piso 8, Edificio Eco Tower;ACTIVA;Dirección Territorial;Control Documental;Gestión Contractual;1;63
13000;Dirección Jurídica;DJUR;Dirección Territorial;Dirección Jurídica;D.C.;BOGOTÁ D.C.;Carrera 17 No. 93-09, Piso 8, Edificio Eco Tower;ACTIVA;Dirección Territorial;Control Documental;Gestión Contractual;1;18
13000;Dirección Jurídica;DJUR;Dirección Territorial;Dirección Jurídica;D.C.;BOGOTÁ D.C.;Carrera 17 No. 93-09, Piso 8, Edificio Eco Tower;ACTIVA;Dirección Territorial;Control Documental;Gestión Contractual;1;21
13000;Dirección Jurídica;DJUR;Dirección Territorial;Dirección Jurídica;D.C.;BOGOTÁ D.C.;Carrera 17 No. 93-09, Piso 8, Edificio Eco Tower;ACTIVA;Dirección Territorial;Control Documental;Gestión Contractual;1;67
13000;Dirección Jurídica;DJUR;Dirección Territorial;Dirección Jurídica;D.C.;BOGOTÁ D.C.;Carrera 17 No. 93-09, Piso 8, Edificio Eco Tower;ACTIVA;Dirección Territorial;Control Documental;Gestión Contractual;1;54
13000;Dirección Jurídica;DJUR;Dirección Territorial;Dirección Jurídica;D.C.;BOGOTÁ D.C.;Carrera 17 No. 93-09, Piso 8, Edificio Eco Tower;ACTIVA;Dirección Territorial;Control Documental;Gestión Contractual;1;3
13000;Dirección Jurídica;DJUR;Dirección Territorial;Dirección Jurídica;D.C.;BOGOTÁ D.C.;Carrera 17 No. 93-09, Piso 8, Edificio Eco Tower;ACTIVA;Dirección Territorial;Control Documental;Gestión Contractual;1;5
13000;Dirección Jurídica;DJUR;Dirección Territorial;Dirección Jurídica;D.C.;BOGOTÁ D.C.;Carrera 17 No. 93-09, Piso 8, Edificio Eco Tower;ACTIVA;Dirección Territorial;Control Documental;Gestión Contractual;1;4
13000;Dirección Jurídica;DJUR;Dirección Territorial;Dirección Jurídica;D.C.;BOGOTÁ D.C.;Carrera 17 No. 93-09, Piso 8, Edificio Eco Tower;ACTIVA;Dirección Territorial;Control Documental;Gestión Contractual;1;26
13000;Dirección Jurídica;DJUR;Dirección Territorial;Dirección Jurídica;D.C.;BOGOTÁ D.C.;Carrera 17 No. 93-09, Piso 8, Edificio Eco Tower;ACTIVA;Dirección Territorial;Control Documental;Gestión Contractual;1;61
13000;Dirección Jurídica;DJUR;Dirección Territorial;Dirección Jurídica;D.C.;BOGOTÁ D.C.;Carrera 17 No. 93-09, Piso 8, Edificio Eco Tower;ACTIVA;Dirección Territorial;Control Documental;Gestión Contractual;1;25
13000;Dirección Jurídica;DJUR;Dirección Territorial;Dirección Jurídica;D.C.;BOGOTÁ D.C.;Carrera 17 No. 93-09, Piso 8, Edificio Eco Tower;ACTIVA;Dirección Territorial;Control Documental;Gestión Contractual;1;20
13000;Dirección Jurídica;DJUR;Dirección Territorial;Dirección Jurídica;D.C.;BOGOTÁ D.C.;Carrera 17 No. 93-09, Piso 8, Edificio Eco Tower;ACTIVA;Dirección Territorial;Control Documental;Gestión Contractual;1;53
13000;Dirección Jurídica;DJUR;Dirección Territorial;Dirección Jurídica;D.C.;BOGOTÁ D.C.;Carrera 17 No. 93-09, Piso 8, Edificio Eco Tower;ACTIVA;Dirección Territorial;Control Documental;Gestión Contractual;1;57
13000;Dirección Jurídica;DJUR;Dirección Territorial;Dirección Jurídica;D.C.;BOGOTÁ D.C.;Carrera 17 No. 93-09, Piso 8, Edificio Eco Tower;ACTIVA;Dirección Territorial;Control Documental;Gestión Contractual;1;30
20000;Gerencia de Proyecto;GP;Coordinación Proyecto;Gerencia de Proyecto;ANTIOQUÍA;Puerto Berrío;Carrera 1 No. 50-02, Edificio Sociedad Portuaria;ACTIVA;Dirección Territorial;Control Documental;Gestión Contractual;3;33
20001;Control Documental;CDOC;Gerencia de Proyecto;Control Documental;ANTIOQUÍA;Puerto Berrío;Carrera 1 No. 50-02, Edificio Sociedad Portuaria;ACTIVA;Dirección Territorial;Control Documental;Gestión Contractual;5;33
20001;Control Documental;CDOC;Gerencia de Proyecto;Control Documental;ANTIOQUÍA;Puerto Berrío;Carrera 1 No. 50-02, Edificio Sociedad Portuaria;ACTIVA;Dirección Territorial;Control Documental;Gestión Contractual;3;33
20001;Control Documental;CDOC;Gerencia de Proyecto;Control Documental;ANTIOQUÍA;Puerto Berrío;Carrera 1 No. 50-02, Edificio Sociedad Portuaria;ACTIVA;Dirección Territorial;Control Documental;Gestión Contractual;3;33
20001;Control Documental;CDOC;Gerencia de Proyecto;Control Documental;ANTIOQUÍA;Puerto Berrío;Carrera 1 No. 50-02, Edificio Sociedad Portuaria;ACTIVA;Dirección Territorial;Control Documental;Gestión Contractual;2;50
20001;Control Documental;CDOC;Gerencia de Proyecto;Control Documental;ANTIOQUÍA;Puerto Berrío;Carrera 1 No. 50-02, Edificio Sociedad Portuaria;ACTIVA;Dirección Territorial;Control Documental;Gestión Contractual;4;49
20001;Control Documental;CDOC;Gerencia de Proyecto;Control Documental;ANTIOQUÍA;Puerto Berrío;Carrera 1 No. 50-02, Edificio Sociedad Portuaria;ACTIVA;Dirección Territorial;Control Documental;Gestión Contractual;4;24
20001;Control Documental;CDOC;Gerencia de Proyecto;Control Documental;ANTIOQUÍA;Puerto Berrío;Carrera 1 No. 50-02, Edificio Sociedad Portuaria;ACTIVA;Dirección Territorial;Control Documental;Gestión Contractual;4;50
21000;Gestión Contractual;CTRC;Gerencia de Proyecto;Gestión Contractual;ANTIOQUÍA;Puerto Berrío;Carrera 1 No. 50-02, Edificio Sociedad Portuaria;ACTIVA;Dirección Territorial;Control Documental;Gestión Contractual;14;18
21000;Gestión Contractual;CTRC;Gerencia de Proyecto;Gestión Contractual;ANTIOQUÍA;Puerto Berrío;Carrera 1 No. 50-02, Edificio Sociedad Portuaria;ACTIVA;Dirección Territorial;Control Documental;Gestión Contractual;14;21
21000;Gestión Contractual;CTRC;Gerencia de Proyecto;Gestión Contractual;ANTIOQUÍA;Puerto Berrío;Carrera 1 No. 50-02, Edificio Sociedad Portuaria;ACTIVA;Dirección Territorial;Control Documental;Gestión Contractual;14;22
21000;Gestión Contractual;CTRC;Gerencia de Proyecto;Gestión Contractual;ANTIOQUÍA;Puerto Berrío;Carrera 1 No. 50-02, Edificio Sociedad Portuaria;ACTIVA;Dirección Territorial;Control Documental;Gestión Contractual;13;18
21000;Gestión Contractual;CTRC;Gerencia de Proyecto;Gestión Contractual;ANTIOQUÍA;Puerto Berrío;Carrera 1 No. 50-02, Edificio Sociedad Portuaria;ACTIVA;Dirección Territorial;Control Documental;Gestión Contractual;13;20
21000;Gestión Contractual;CTRC;Gerencia de Proyecto;Gestión Contractual;ANTIOQUÍA;Puerto Berrío;Carrera 1 No. 50-02, Edificio Sociedad Portuaria;ACTIVA;Dirección Territorial;Control Documental;Gestión Contractual;33;33
21000;Gestión Contractual;CTRC;Gerencia de Proyecto;Gestión Contractual;ANTIOQUÍA;Puerto Berrío;Carrera 1 No. 50-02, Edificio Sociedad Portuaria;ACTIVA;Dirección Territorial;Control Documental;Gestión Contractual;33;32
21000;Gestión Contractual;CTRC;Gerencia de Proyecto;Gestión Contractual;ANTIOQUÍA;Puerto Berrío;Carrera 1 No. 50-02, Edificio Sociedad Portuaria;ACTIVA;Dirección Territorial;Control Documental;Gestión Contractual;58;33
21100;Coordinación Gestión Contractual;CGCO;Gestión Contractual;Coordinación Gestión Contractual;ANTIOQUÍA;Puerto Berrío;Carrera 1 No. 50-02, Edificio Sociedad Portuaria;ACTIVA;Dirección Territorial;Control Documental;Gestión Contractual;14;18
21100;Coordinación Gestión Contractual;CGCO;Gestión Contractual;Coordinación Gestión Contractual;ANTIOQUÍA;Puerto Berrío;Carrera 1 No. 50-02, Edificio Sociedad Portuaria;ACTIVA;Dirección Territorial;Control Documental;Gestión Contractual;14;21
21100;Coordinación Gestión Contractual;CGCO;Gestión Contractual;Coordinación Gestión Contractual;ANTIOQUÍA;Puerto Berrío;Carrera 1 No. 50-02, Edificio Sociedad Portuaria;ACTIVA;Dirección Territorial;Control Documental;Gestión Contractual;14;22
21100;Coordinación Gestión Contractual;CGCO;Gestión Contractual;Coordinación Gestión Contractual;ANTIOQUÍA;Puerto Berrío;Carrera 1 No. 50-02, Edificio Sociedad Portuaria;ACTIVA;Dirección Territorial;Control Documental;Gestión Contractual;13;18
21100;Coordinación Gestión Contractual;CGCO;Gestión Contractual;Coordinación Gestión Contractual;ANTIOQUÍA;Puerto Berrío;Carrera 1 No. 50-02, Edificio Sociedad Portuaria;ACTIVA;Dirección Territorial;Control Documental;Gestión Contractual;13;20
21100;Coordinación Gestión Contractual;CGCO;Gestión Contractual;Coordinación Gestión Contractual;ANTIOQUÍA;Puerto Berrío;Carrera 1 No. 50-02, Edificio Sociedad Portuaria;ACTIVA;Dirección Territorial;Control Documental;Gestión Contractual;33;33
21100;Coordinación Gestión Contractual;CGCO;Gestión Contractual;Coordinación Gestión Contractual;ANTIOQUÍA;Puerto Berrío;Carrera 1 No. 50-02, Edificio Sociedad Portuaria;ACTIVA;Dirección Territorial;Control Documental;Gestión Contractual;33;32
21100;Coordinación Gestión Contractual;CGCO;Gestión Contractual;Coordinación Gestión Contractual;ANTIOQUÍA;Puerto Berrío;Carrera 1 No. 50-02, Edificio Sociedad Portuaria;ACTIVA;Dirección Territorial;Control Documental;Gestión Contractual;58;33
21200;Gestión Contractual Terceros;GCTE;Gestión Contractual;Gestión Contractual Terceros;ANTIOQUÍA;Puerto Berrío;Carrera 1 No. 50-02, Edificio Sociedad Portuaria;ACTIVA;Dirección Territorial;Control Documental;Gestión Contractual;14;18
21200;Gestión Contractual Terceros;GCTE;Gestión Contractual;Gestión Contractual Terceros;ANTIOQUÍA;Puerto Berrío;Carrera 1 No. 50-02, Edificio Sociedad Portuaria;ACTIVA;Dirección Territorial;Control Documental;Gestión Contractual;14;21
21200;Gestión Contractual Terceros;GCTE;Gestión Contractual;Gestión Contractual Terceros;ANTIOQUÍA;Puerto Berrío;Carrera 1 No. 50-02, Edificio Sociedad Portuaria;ACTIVA;Dirección Territorial;Control Documental;Gestión Contractual;14;22
21200;Gestión Contractual Terceros;GCTE;Gestión Contractual;Gestión Contractual Terceros;ANTIOQUÍA;Puerto Berrío;Carrera 1 No. 50-02, Edificio Sociedad Portuaria;ACTIVA;Dirección Territorial;Control Documental;Gestión Contractual;13;18
21200;Gestión Contractual Terceros;GCTE;Gestión Contractual;Gestión Contractual Terceros;ANTIOQUÍA;Puerto Berrío;Carrera 1 No. 50-02, Edificio Sociedad Portuaria;ACTIVA;Dirección Territorial;Control Documental;Gestión Contractual;13;20
21200;Gestión Contractual Terceros;GCTE;Gestión Contractual;Gestión Contractual Terceros;ANTIOQUÍA;Puerto Berrío;Carrera 1 No. 50-02, Edificio Sociedad Portuaria;ACTIVA;Dirección Territorial;Control Documental;Gestión Contractual;33;33
21200;Gestión Contractual Terceros;GCTE;Gestión Contractual;Gestión Contractual Terceros;ANTIOQUÍA;Puerto Berrío;Carrera 1 No. 50-02, Edificio Sociedad Portuaria;ACTIVA;Dirección Territorial;Control Documental;Gestión Contractual;33;32
21200;Gestión Contractual Terceros;GCTE;Gestión Contractual;Gestión Contractual Terceros;ANTIOQUÍA;Puerto Berrío;Carrera 1 No. 50-02, Edificio Sociedad Portuaria;ACTIVA;Dirección Territorial;Control Documental;Gestión Contractual;58;33
21300;Planificación Contractual;PLAC;Gestión Contractual;Planificación Contractual;ANTIOQUÍA;Puerto Berrío;Carrera 1 No. 50-02, Edificio Sociedad Portuaria;ACTIVA;Dirección Territorial;Control Documental;Gestión Contractual;1;68
21300;Planificación Contractual;PLAC;Gestión Contractual;Planificación Contractual;ANTIOQUÍA;Puerto Berrío;Carrera 1 No. 50-02, Edificio Sociedad Portuaria;ACTIVA;Dirección Territorial;Control Documental;Gestión Contractual;5;50
21300;Planificación Contractual;PLAC;Gestión Contractual;Planificación Contractual;ANTIOQUÍA;Puerto Berrío;Carrera 1 No. 50-02, Edificio Sociedad Portuaria;ACTIVA;Dirección Territorial;Control Documental;Gestión Contractual;5;33
21300;Planificación Contractual;PLAC;Gestión Contractual;Planificación Contractual;ANTIOQUÍA;Puerto Berrío;Carrera 1 No. 50-02, Edificio Sociedad Portuaria;ACTIVA;Dirección Territorial;Control Documental;Gestión Contractual;2;47
21300;Planificación Contractual;PLAC;Gestión Contractual;Planificación Contractual;ANTIOQUÍA;Puerto Berrío;Carrera 1 No. 50-02, Edificio Sociedad Portuaria;ACTIVA;Dirección Territorial;Control Documental;Gestión Contractual;2;17
22000;Gerencia de Producción;GPRD;Gerencia de Proyecto;Gerencia de Producción;ANTIOQUÍA;Puerto Berrío;Carrera 1 No. 50-02, Edificio Sociedad Portuaria;ACTIVA;Dirección Territorial;Control Documental;Gestión Contractual;3;33
22100;Jefatura Obra UF1-2;JO12;Gerencia de Producción;Jefatura Obra UF1-2;ANTIOQUÍA;Puerto Berrío;Carrera 1 No. 50-02, Edificio Sociedad Portuaria;ACTIVA;Dirección Territorial;Control Documental;Gestión Contractual;3;33
22500;Jefatura Obra UF3-4;JO34;Gerencia de Producción;Jefatura Obra UF3-4;ANTIOQUÍA;Puerto Berrío;Carrera 1 No. 50-02, Edificio Sociedad Portuaria;ACTIVA;Dirección Territorial;Control Documental;Gestión Contractual;3;33
23000;Oficina Técnica;OTEC;Gerencia de Proyecto;Oficina Técnica;ANTIOQUÍA;Puerto Berrío;Carrera 1 No. 50-02, Edificio Sociedad Portuaria;ACTIVA;Dirección Territorial;Control Documental;Gestión Contractual;3;33
23100;Jefatura de Diseño;JDIS;Oficina Técnica;Jefatura de Diseño;ANTIOQUÍA;Puerto Berrío;Carrera 1 No. 50-02, Edificio Sociedad Portuaria;ACTIVA;Dirección Territorial;Control Documental;Gestión Contractual;6;51
23500;Jefatura de Topografía ;JTOP;Oficina Técnica;Jefatura de Topografía ;ANTIOQUÍA;Puerto Berrío;Carrera 1 No. 50-02, Edificio Sociedad Portuaria;ACTIVA;Dirección Territorial;Control Documental;Gestión Contractual;3;33
24000;Calidad, Seguridad y Medioambiente;CSMA;Gerencia de Proyecto;Calidad, Seguridad y Medioambiente;ANTIOQUÍA;Puerto Berrío;Carrera 1 No. 50-02, Edificio Sociedad Portuaria;ACTIVA;Dirección Territorial;Control Documental;Gestión Contractual;3;33
24100;Gestión Ambiental Contractual;CMAC;Calidad, Seguridad y Medioambiente;Gestión Ambiental Contractual;ANTIOQUÍA;Puerto Berrío;Carrera 1 No. 50-02, Edificio Sociedad Portuaria;ACTIVA;Dirección Territorial;Control Documental;Gestión Contractual;14;18
24100;Gestión Ambiental Contractual;CMAC;Calidad, Seguridad y Medioambiente;Gestión Ambiental Contractual;ANTIOQUÍA;Puerto Berrío;Carrera 1 No. 50-02, Edificio Sociedad Portuaria;ACTIVA;Dirección Territorial;Control Documental;Gestión Contractual;14;21
24100;Gestión Ambiental Contractual;CMAC;Calidad, Seguridad y Medioambiente;Gestión Ambiental Contractual;ANTIOQUÍA;Puerto Berrío;Carrera 1 No. 50-02, Edificio Sociedad Portuaria;ACTIVA;Dirección Territorial;Control Documental;Gestión Contractual;14;22
24100;Gestión Ambiental Contractual;CMAC;Calidad, Seguridad y Medioambiente;Gestión Ambiental Contractual;ANTIOQUÍA;Puerto Berrío;Carrera 1 No. 50-02, Edificio Sociedad Portuaria;ACTIVA;Dirección Territorial;Control Documental;Gestión Contractual;13;18
24100;Gestión Ambiental Contractual;CMAC;Calidad, Seguridad y Medioambiente;Gestión Ambiental Contractual;ANTIOQUÍA;Puerto Berrío;Carrera 1 No. 50-02, Edificio Sociedad Portuaria;ACTIVA;Dirección Territorial;Control Documental;Gestión Contractual;13;20
24100;Gestión Ambiental Contractual;CMAC;Calidad, Seguridad y Medioambiente;Gestión Ambiental Contractual;ANTIOQUÍA;Puerto Berrío;Carrera 1 No. 50-02, Edificio Sociedad Portuaria;ACTIVA;Dirección Territorial;Control Documental;Gestión Contractual;33;33
24100;Gestión Ambiental Contractual;CMAC;Calidad, Seguridad y Medioambiente;Gestión Ambiental Contractual;ANTIOQUÍA;Puerto Berrío;Carrera 1 No. 50-02, Edificio Sociedad Portuaria;ACTIVA;Dirección Territorial;Control Documental;Gestión Contractual;33;32
24100;Gestión Ambiental Contractual;CMAC;Calidad, Seguridad y Medioambiente;Gestión Ambiental Contractual;ANTIOQUÍA;Puerto Berrío;Carrera 1 No. 50-02, Edificio Sociedad Portuaria;ACTIVA;Dirección Territorial;Control Documental;Gestión Contractual;58;33
24110;Ambiental UF1-2;MA12;Gestión Ambiental Contractual;Ambiental UF1-2;ANTIOQUÍA;Puerto Berrío;Carrera 1 No. 50-02, Edificio Sociedad Portuaria;ACTIVA;Dirección Territorial;Control Documental;Gestión Contractual;3;33
24150;Ambiental UF3-4;MA34;Gestión Ambiental Contractual;Ambiental UF3-4;ANTIOQUÍA;Puerto Berrío;Carrera 1 No. 50-02, Edificio Sociedad Portuaria;ACTIVA;Dirección Territorial;Control Documental;Gestión Contractual;3;33
24200;Arqueología;ARQU;Calidad, Seguridad y Medioambiente;Arqueología;ANTIOQUÍA;Puerto Berrío;Carrera 1 No. 50-02, Edificio Sociedad Portuaria;ACTIVA;Dirección Territorial;Control Documental;Gestión Contractual;56;50
24200;Arqueología;ARQU;Calidad, Seguridad y Medioambiente;Arqueología;ANTIOQUÍA;Puerto Berrío;Carrera 1 No. 50-02, Edificio Sociedad Portuaria;ACTIVA;Dirección Territorial;Control Documental;Gestión Contractual;56;56
24200;Arqueología;ARQU;Calidad, Seguridad y Medioambiente;Arqueología;ANTIOQUÍA;Puerto Berrío;Carrera 1 No. 50-02, Edificio Sociedad Portuaria;ACTIVA;Dirección Territorial;Control Documental;Gestión Contractual;56;68
24200;Arqueología;ARQU;Calidad, Seguridad y Medioambiente;Arqueología;ANTIOQUÍA;Puerto Berrío;Carrera 1 No. 50-02, Edificio Sociedad Portuaria;ACTIVA;Dirección Territorial;Control Documental;Gestión Contractual;56;49
24200;Arqueología;ARQU;Calidad, Seguridad y Medioambiente;Arqueología;ANTIOQUÍA;Puerto Berrío;Carrera 1 No. 50-02, Edificio Sociedad Portuaria;ACTIVA;Dirección Territorial;Control Documental;Gestión Contractual;56;47
24200;Arqueología;ARQU;Calidad, Seguridad y Medioambiente;Arqueología;ANTIOQUÍA;Puerto Berrío;Carrera 1 No. 50-02, Edificio Sociedad Portuaria;ACTIVA;Dirección Territorial;Control Documental;Gestión Contractual;49;39
24200;Arqueología;ARQU;Calidad, Seguridad y Medioambiente;Arqueología;ANTIOQUÍA;Puerto Berrío;Carrera 1 No. 50-02, Edificio Sociedad Portuaria;ACTIVA;Dirección Territorial;Control Documental;Gestión Contractual;51;39
24200;Arqueología;ARQU;Calidad, Seguridad y Medioambiente;Arqueología;ANTIOQUÍA;Puerto Berrío;Carrera 1 No. 50-02, Edificio Sociedad Portuaria;ACTIVA;Dirección Territorial;Control Documental;Gestión Contractual;52;39
24200;Arqueología;ARQU;Calidad, Seguridad y Medioambiente;Arqueología;ANTIOQUÍA;Puerto Berrío;Carrera 1 No. 50-02, Edificio Sociedad Portuaria;ACTIVA;Dirección Territorial;Control Documental;Gestión Contractual;46;2
24200;Arqueología;ARQU;Calidad, Seguridad y Medioambiente;Arqueología;ANTIOQUÍA;Puerto Berrío;Carrera 1 No. 50-02, Edificio Sociedad Portuaria;ACTIVA;Dirección Territorial;Control Documental;Gestión Contractual;57;50
24200;Arqueología;ARQU;Calidad, Seguridad y Medioambiente;Arqueología;ANTIOQUÍA;Puerto Berrío;Carrera 1 No. 50-02, Edificio Sociedad Portuaria;ACTIVA;Dirección Territorial;Control Documental;Gestión Contractual;57;56
24200;Arqueología;ARQU;Calidad, Seguridad y Medioambiente;Arqueología;ANTIOQUÍA;Puerto Berrío;Carrera 1 No. 50-02, Edificio Sociedad Portuaria;ACTIVA;Dirección Territorial;Control Documental;Gestión Contractual;57;68
24200;Arqueología;ARQU;Calidad, Seguridad y Medioambiente;Arqueología;ANTIOQUÍA;Puerto Berrío;Carrera 1 No. 50-02, Edificio Sociedad Portuaria;ACTIVA;Dirección Territorial;Control Documental;Gestión Contractual;57;49
24200;Arqueología;ARQU;Calidad, Seguridad y Medioambiente;Arqueología;ANTIOQUÍA;Puerto Berrío;Carrera 1 No. 50-02, Edificio Sociedad Portuaria;ACTIVA;Dirección Territorial;Control Documental;Gestión Contractual;57;47
24300;Seguridad y Salud;PREV;Calidad, Seguridad y Medioambiente;Seguridad y Salud;ANTIOQUÍA;Puerto Berrío;Carrera 1 No. 50-02, Edificio Sociedad Portuaria;ACTIVA;Dirección Territorial;Control Documental;Gestión Contractual;56;50
24300;Seguridad y Salud;PREV;Calidad, Seguridad y Medioambiente;Seguridad y Salud;ANTIOQUÍA;Puerto Berrío;Carrera 1 No. 50-02, Edificio Sociedad Portuaria;ACTIVA;Dirección Territorial;Control Documental;Gestión Contractual;56;56
24300;Seguridad y Salud;PREV;Calidad, Seguridad y Medioambiente;Seguridad y Salud;ANTIOQUÍA;Puerto Berrío;Carrera 1 No. 50-02, Edificio Sociedad Portuaria;ACTIVA;Dirección Territorial;Control Documental;Gestión Contractual;56;68
24300;Seguridad y Salud;PREV;Calidad, Seguridad y Medioambiente;Seguridad y Salud;ANTIOQUÍA;Puerto Berrío;Carrera 1 No. 50-02, Edificio Sociedad Portuaria;ACTIVA;Dirección Territorial;Control Documental;Gestión Contractual;56;49
24300;Seguridad y Salud;PREV;Calidad, Seguridad y Medioambiente;Seguridad y Salud;ANTIOQUÍA;Puerto Berrío;Carrera 1 No. 50-02, Edificio Sociedad Portuaria;ACTIVA;Dirección Territorial;Control Documental;Gestión Contractual;56;47
24300;Seguridad y Salud;PREV;Calidad, Seguridad y Medioambiente;Seguridad y Salud;ANTIOQUÍA;Puerto Berrío;Carrera 1 No. 50-02, Edificio Sociedad Portuaria;ACTIVA;Dirección Territorial;Control Documental;Gestión Contractual;49;39
24300;Seguridad y Salud;PREV;Calidad, Seguridad y Medioambiente;Seguridad y Salud;ANTIOQUÍA;Puerto Berrío;Carrera 1 No. 50-02, Edificio Sociedad Portuaria;ACTIVA;Dirección Territorial;Control Documental;Gestión Contractual;51;39
24300;Seguridad y Salud;PREV;Calidad, Seguridad y Medioambiente;Seguridad y Salud;ANTIOQUÍA;Puerto Berrío;Carrera 1 No. 50-02, Edificio Sociedad Portuaria;ACTIVA;Dirección Territorial;Control Documental;Gestión Contractual;52;39
24300;Seguridad y Salud;PREV;Calidad, Seguridad y Medioambiente;Seguridad y Salud;ANTIOQUÍA;Puerto Berrío;Carrera 1 No. 50-02, Edificio Sociedad Portuaria;ACTIVA;Dirección Territorial;Control Documental;Gestión Contractual;46;2
24300;Seguridad y Salud;PREV;Calidad, Seguridad y Medioambiente;Seguridad y Salud;ANTIOQUÍA;Puerto Berrío;Carrera 1 No. 50-02, Edificio Sociedad Portuaria;ACTIVA;Dirección Territorial;Control Documental;Gestión Contractual;57;50
24300;Seguridad y Salud;PREV;Calidad, Seguridad y Medioambiente;Seguridad y Salud;ANTIOQUÍA;Puerto Berrío;Carrera 1 No. 50-02, Edificio Sociedad Portuaria;ACTIVA;Dirección Territorial;Control Documental;Gestión Contractual;57;56
24300;Seguridad y Salud;PREV;Calidad, Seguridad y Medioambiente;Seguridad y Salud;ANTIOQUÍA;Puerto Berrío;Carrera 1 No. 50-02, Edificio Sociedad Portuaria;ACTIVA;Dirección Territorial;Control Documental;Gestión Contractual;57;68
24300;Seguridad y Salud;PREV;Calidad, Seguridad y Medioambiente;Seguridad y Salud;ANTIOQUÍA;Puerto Berrío;Carrera 1 No. 50-02, Edificio Sociedad Portuaria;ACTIVA;Dirección Territorial;Control Documental;Gestión Contractual;57;49
24300;Seguridad y Salud;PREV;Calidad, Seguridad y Medioambiente;Seguridad y Salud;ANTIOQUÍA;Puerto Berrío;Carrera 1 No. 50-02, Edificio Sociedad Portuaria;ACTIVA;Dirección Territorial;Control Documental;Gestión Contractual;57;47
24400;Calidad ;CALI;Calidad, Seguridad y Medioambiente;Calidad ;ANTIOQUÍA;Puerto Berrío;Carrera 1 No. 50-02, Edificio Sociedad Portuaria;ACTIVA;Dirección Territorial;Control Documental;Gestión Contractual;3;33
25000;Administración;ADMI;Gerencia de Proyecto;Administración;ANTIOQUÍA;Puerto Berrío;Carrera 1 No. 50-02, Edificio Sociedad Portuaria;ACTIVA;Dirección Territorial;Control Documental;Gestión Contractual;3;2
25000;Administración;ADMI;Gerencia de Proyecto;Administración;ANTIOQUÍA;Puerto Berrío;Carrera 1 No. 50-02, Edificio Sociedad Portuaria;ACTIVA;Dirección Territorial;Control Documental;Gestión Contractual;3;33
25000;Administración;ADMI;Gerencia de Proyecto;Administración;ANTIOQUÍA;Puerto Berrío;Carrera 1 No. 50-02, Edificio Sociedad Portuaria;ACTIVA;Dirección Territorial;Control Documental;Gestión Contractual;1;17
25000;Administración;ADMI;Gerencia de Proyecto;Administración;ANTIOQUÍA;Puerto Berrío;Carrera 1 No. 50-02, Edificio Sociedad Portuaria;ACTIVA;Dirección Territorial;Control Documental;Gestión Contractual;1;64
25000;Administración;ADMI;Gerencia de Proyecto;Administración;ANTIOQUÍA;Puerto Berrío;Carrera 1 No. 50-02, Edificio Sociedad Portuaria;ACTIVA;Dirección Territorial;Control Documental;Gestión Contractual;1;70
25000;Administración;ADMI;Gerencia de Proyecto;Administración;ANTIOQUÍA;Puerto Berrío;Carrera 1 No. 50-02, Edificio Sociedad Portuaria;ACTIVA;Dirección Territorial;Control Documental;Gestión Contractual;1;29
25000;Administración;ADMI;Gerencia de Proyecto;Administración;ANTIOQUÍA;Puerto Berrío;Carrera 1 No. 50-02, Edificio Sociedad Portuaria;ACTIVA;Dirección Territorial;Control Documental;Gestión Contractual;5;33
25000;Administración;ADMI;Gerencia de Proyecto;Administración;ANTIOQUÍA;Puerto Berrío;Carrera 1 No. 50-02, Edificio Sociedad Portuaria;ACTIVA;Dirección Territorial;Control Documental;Gestión Contractual;1;34
25000;Administración;ADMI;Gerencia de Proyecto;Administración;ANTIOQUÍA;Puerto Berrío;Carrera 1 No. 50-02, Edificio Sociedad Portuaria;ACTIVA;Dirección Territorial;Control Documental;Gestión Contractual;1;15
25000;Administración;ADMI;Gerencia de Proyecto;Administración;ANTIOQUÍA;Puerto Berrío;Carrera 1 No. 50-02, Edificio Sociedad Portuaria;ACTIVA;Dirección Territorial;Control Documental;Gestión Contractual;2;15
25110;SSGG y Transporte UF1-2;SG12;Administración;SSGG y Transporte UF1-2;ANTIOQUÍA;Puerto Berrío;Carrera 1 No. 50-02, Edificio Sociedad Portuaria;ACTIVA;Dirección Territorial;Control Documental;Gestión Contractual;3;33
25150;SSGG y Transporte UF3-4;SG34;Administración;SSGG y Transporte UF3-4;ANTIOQUÍA;Puerto Berrío;Carrera 1 No. 50-02, Edificio Sociedad Portuaria;ACTIVA;Dirección Territorial;Control Documental;Gestión Contractual;3;33
25300;RRHH;RRHH;Administración;RRHH;ANTIOQUÍA;Puerto Berrío;Carrera 1 No. 50-02, Edificio Sociedad Portuaria;ACTIVA;Dirección Territorial;Control Documental;Gestión Contractual;4;2
25300;RRHH;RRHH;Administración;RRHH;ANTIOQUÍA;Puerto Berrío;Carrera 1 No. 50-02, Edificio Sociedad Portuaria;ACTIVA;Dirección Territorial;Control Documental;Gestión Contractual;4;33
25300;RRHH;RRHH;Administración;RRHH;ANTIOQUÍA;Puerto Berrío;Carrera 1 No. 50-02, Edificio Sociedad Portuaria;ACTIVA;Dirección Territorial;Control Documental;Gestión Contractual;1;22
25300;RRHH;RRHH;Administración;RRHH;ANTIOQUÍA;Puerto Berrío;Carrera 1 No. 50-02, Edificio Sociedad Portuaria;ACTIVA;Dirección Territorial;Control Documental;Gestión Contractual;1;8
25300;RRHH;RRHH;Administración;RRHH;ANTIOQUÍA;Puerto Berrío;Carrera 1 No. 50-02, Edificio Sociedad Portuaria;ACTIVA;Dirección Territorial;Control Documental;Gestión Contractual;1;6
25300;RRHH;RRHH;Administración;RRHH;ANTIOQUÍA;Puerto Berrío;Carrera 1 No. 50-02, Edificio Sociedad Portuaria;ACTIVA;Dirección Territorial;Control Documental;Gestión Contractual;1;7
25300;RRHH;RRHH;Administración;RRHH;ANTIOQUÍA;Puerto Berrío;Carrera 1 No. 50-02, Edificio Sociedad Portuaria;ACTIVA;Dirección Territorial;Control Documental;Gestión Contractual;1;11
25300;RRHH;RRHH;Administración;RRHH;ANTIOQUÍA;Puerto Berrío;Carrera 1 No. 50-02, Edificio Sociedad Portuaria;ACTIVA;Dirección Territorial;Control Documental;Gestión Contractual;1;12
25300;RRHH;RRHH;Administración;RRHH;ANTIOQUÍA;Puerto Berrío;Carrera 1 No. 50-02, Edificio Sociedad Portuaria;ACTIVA;Dirección Territorial;Control Documental;Gestión Contractual;1;13
25300;RRHH;RRHH;Administración;RRHH;ANTIOQUÍA;Puerto Berrío;Carrera 1 No. 50-02, Edificio Sociedad Portuaria;ACTIVA;Dirección Territorial;Control Documental;Gestión Contractual;1;14
25300;RRHH;RRHH;Administración;RRHH;ANTIOQUÍA;Puerto Berrío;Carrera 1 No. 50-02, Edificio Sociedad Portuaria;ACTIVA;Dirección Territorial;Control Documental;Gestión Contractual;1;39
25300;RRHH;RRHH;Administración;RRHH;ANTIOQUÍA;Puerto Berrío;Carrera 1 No. 50-02, Edificio Sociedad Portuaria;ACTIVA;Dirección Territorial;Control Documental;Gestión Contractual;1;43
25300;RRHH;RRHH;Administración;RRHH;ANTIOQUÍA;Puerto Berrío;Carrera 1 No. 50-02, Edificio Sociedad Portuaria;ACTIVA;Dirección Territorial;Control Documental;Gestión Contractual;1;45
25300;RRHH;RRHH;Administración;RRHH;ANTIOQUÍA;Puerto Berrío;Carrera 1 No. 50-02, Edificio Sociedad Portuaria;ACTIVA;Dirección Territorial;Control Documental;Gestión Contractual;2;56
25300;RRHH;RRHH;Administración;RRHH;ANTIOQUÍA;Puerto Berrío;Carrera 1 No. 50-02, Edificio Sociedad Portuaria;ACTIVA;Dirección Territorial;Control Documental;Gestión Contractual;3;56
25300;RRHH;RRHH;Administración;RRHH;ANTIOQUÍA;Puerto Berrío;Carrera 1 No. 50-02, Edificio Sociedad Portuaria;ACTIVA;Dirección Territorial;Control Documental;Gestión Contractual;7;56
25300;RRHH;RRHH;Administración;RRHH;ANTIOQUÍA;Puerto Berrío;Carrera 1 No. 50-02, Edificio Sociedad Portuaria;ACTIVA;Dirección Territorial;Control Documental;Gestión Contractual;7;23
25300;RRHH;RRHH;Administración;RRHH;ANTIOQUÍA;Puerto Berrío;Carrera 1 No. 50-02, Edificio Sociedad Portuaria;ACTIVA;Dirección Territorial;Control Documental;Gestión Contractual;7;32
25300;RRHH;RRHH;Administración;RRHH;ANTIOQUÍA;Puerto Berrío;Carrera 1 No. 50-02, Edificio Sociedad Portuaria;ACTIVA;Dirección Territorial;Control Documental;Gestión Contractual;4;56
26000;Planificación y Costes;PYCO;Gerencia de Proyecto;Planificación y Costes;ANTIOQUÍA;Puerto Berrío;Carrera 1 No. 50-02, Edificio Sociedad Portuaria;ACTIVA;Dirección Territorial;Control Documental;Gestión Contractual;1;68
26000;Planificación y Costes;PYCO;Gerencia de Proyecto;Planificación y Costes;ANTIOQUÍA;Puerto Berrío;Carrera 1 No. 50-02, Edificio Sociedad Portuaria;ACTIVA;Dirección Territorial;Control Documental;Gestión Contractual;5;50
26000;Planificación y Costes;PYCO;Gerencia de Proyecto;Planificación y Costes;ANTIOQUÍA;Puerto Berrío;Carrera 1 No. 50-02, Edificio Sociedad Portuaria;ACTIVA;Dirección Territorial;Control Documental;Gestión Contractual;5;33
26000;Planificación y Costes;PYCO;Gerencia de Proyecto;Planificación y Costes;ANTIOQUÍA;Puerto Berrío;Carrera 1 No. 50-02, Edificio Sociedad Portuaria;ACTIVA;Dirección Territorial;Control Documental;Gestión Contractual;2;47
26000;Planificación y Costes;PYCO;Gerencia de Proyecto;Planificación y Costes;ANTIOQUÍA;Puerto Berrío;Carrera 1 No. 50-02, Edificio Sociedad Portuaria;ACTIVA;Dirección Territorial;Control Documental;Gestión Contractual;2;17
26000;Planificación y Costes;PYCO;Gerencia de Proyecto;Planificación y Costes;ANTIOQUÍA;Puerto Berrío;Carrera 1 No. 50-02, Edificio Sociedad Portuaria;ACTIVA;Dirección Territorial;Control Documental;Gestión Contractual;2;2
26000;Planificación y Costes;PYCO;Gerencia de Proyecto;Planificación y Costes;ANTIOQUÍA;Puerto Berrío;Carrera 1 No. 50-02, Edificio Sociedad Portuaria;ACTIVA;Dirección Territorial;Control Documental;Gestión Contractual;9;33
26000;Planificación y Costes;PYCO;Gerencia de Proyecto;Planificación y Costes;ANTIOQUÍA;Puerto Berrío;Carrera 1 No. 50-02, Edificio Sociedad Portuaria;ACTIVA;Dirección Territorial;Control Documental;Gestión Contractual;7;33
26000;Planificación y Costes;PYCO;Gerencia de Proyecto;Planificación y Costes;ANTIOQUÍA;Puerto Berrío;Carrera 1 No. 50-02, Edificio Sociedad Portuaria;ACTIVA;Dirección Territorial;Control Documental;Gestión Contractual;1;60
27000;Compras;COMP;Gerencia de Proyecto;Compras;ANTIOQUÍA;Puerto Berrío;Carrera 1 No. 50-02, Edificio Sociedad Portuaria;ACTIVA;Dirección Territorial;Control Documental;Gestión Contractual;4;33
27000;Compras;COMP;Gerencia de Proyecto;Compras;ANTIOQUÍA;Puerto Berrío;Carrera 1 No. 50-02, Edificio Sociedad Portuaria;ACTIVA;Dirección Territorial;Control Documental;Gestión Contractual;1;56
27000;Compras;COMP;Gerencia de Proyecto;Compras;ANTIOQUÍA;Puerto Berrío;Carrera 1 No. 50-02, Edificio Sociedad Portuaria;ACTIVA;Dirección Territorial;Control Documental;Gestión Contractual;2;64
27000;Compras;COMP;Gerencia de Proyecto;Compras;ANTIOQUÍA;Puerto Berrío;Carrera 1 No. 50-02, Edificio Sociedad Portuaria;ACTIVA;Dirección Territorial;Control Documental;Gestión Contractual;2;42
27000;Compras;COMP;Gerencia de Proyecto;Compras;ANTIOQUÍA;Puerto Berrío;Carrera 1 No. 50-02, Edificio Sociedad Portuaria;ACTIVA;Dirección Territorial;Control Documental;Gestión Contractual;1;56
27000;Compras;COMP;Gerencia de Proyecto;Compras;ANTIOQUÍA;Puerto Berrío;Carrera 1 No. 50-02, Edificio Sociedad Portuaria;ACTIVA;Dirección Territorial;Control Documental;Gestión Contractual;1;10
27000;Compras;COMP;Gerencia de Proyecto;Compras;ANTIOQUÍA;Puerto Berrío;Carrera 1 No. 50-02, Edificio Sociedad Portuaria;ACTIVA;Dirección Territorial;Control Documental;Gestión Contractual;8;33
28000;Social;SOCI;Gerencia de Proyecto;Social;ANTIOQUÍA;Puerto Berrío;Carrera 1 No. 50-02, Edificio Sociedad Portuaria;ACTIVA;Dirección Territorial;Control Documental;Gestión Contractual;6;51
29000;PMT;PMTS;Gerencia de Proyecto;PMT;ANTIOQUÍA;Puerto Berrío;Carrera 1 No. 50-02, Edificio Sociedad Portuaria;ACTIVA;Dirección Territorial;Control Documental;Gestión Contractual;3;33
29900;Instalaciones y Maquinaria;INMQ;Gerencia de Proyecto;Instalaciones y Maquinaria;ANTIOQUÍA;Puerto Berrio;Carrera 1 No. 50-02, Edificio Sociedad Portuaria;ACTIVA;Dirección Territorial;Control Documental;Gestión Contractual;3;33